order_id,order_date,customer,region,product,quantity,unit_price
1001,2026-01-05,  acme corp ,North,Widget,10,$12.50
1002,01/06/2026,Globex,north ,Gadget,3,"$1,200.00"
1003,2026-01-07,Initech,SOUTH,Widget,,$12.50
1004,2026-01-07,Umbrella,East,Gizmo,5,$40
1002,01/06/2026,Globex,north ,Gadget,3,"$1,200.00"
1005,2026-13-01,Acme Corp,West,Widget,2,$12.50
1006,2026-01-09,Hooli,south,Gizmo,-4,$40.00
1007,2026-01-10,initech,South,Gadget,1,1200
1008,2026-01-11,Acme Corp,North,Gizmo,7,abc
1009,2026-01-12, ,East,Widget,1,$12.50
